venue,sigla
Brazilian Symposium on Software Quality,SBQS
Brazilian Symposium on Information Systems,SBSI
Brazilian Symposium on Collaborative Systems,SBSC
Brazilian Symposium on Databases,SBBD
Brazilian Symposium on Computer Networks and Distributed Systems,SBRC
"Brazilian Symposium on Software Components, Architectures and Reuse",SBCARS
IEEE Symposium on Visual Languages / Human-Centric Computing Languages and Environments,VLHCC
Annual International Computer Software and Applications Conference,COMPSAC
International Conference on Software and Data Technologies,ICSOFT
